{
  "user_based": {
    "total_recommendations": 22,
    "average_rating": 1.0719811320754717,
    "coverage": 18,
    "unique_movies": [
      "27205",
      "429617",
      "558",
      "315635",
      "324857",
      "413594",
      "299536",
      "100402",
      "155",
      "299534",
      "129",
      "372058",
      "572154",
      "225745",
      "533514",
      "354912",
      "634649",
      "557"
    ]
  },
  "item_based": {
    "total_recommendations": 30,
    "average_rating": 0.8728301886792451,
    "coverage": 30,
    "unique_movies": [
      "407447",
      "677638",
      "637",
      "58857",
      "144",
      "115929",
      "586940",
      "920394",
      "28032",
      "15080",
      "12429",
      "11948",
      "618353",
      "779047",
      "122",
      "864",
      "105864",
      "640344",
      "238",
      "33320",
      "38142",
      "1262",
      "16305",
      "808",
      "1372",
      "1585",
      "278",
      "100",
      "290098",
      "38985"
    ]
  },
  "svd": {
    "total_recommendations": 0,
    "average_rating": 0,
    "coverage": 0,
    "unique_movies": []
  }
}