k,MAE,RMSE,num_users_tested
5,1.3847592813990783,1.7260502325663662,12
10,1.467187504029151,1.8038361089140278,12
20,1.4594759311871233,1.8004462221871333,12
