user_id,cosine_time,original_time,overlap,cosine_avg_rating,original_avg_rating
test3,2.799652338027954,0.3757357597351074,0,8.28,8.233333333333333
test4,2.34460186958313,0.35895681381225586,0,8.279999999999998,8.24
test5,2.3538951873779297,0.36681079864501953,0,8.190000000000001,8.17
