user_id,user_avg_rating,num_user_ratings,avg_predicted_rating,avg_actual_rating,genre_diversity,popularity_diversity
test3,9.666666666666666,3,8.31921999370703,8.28,9,36.2027898073247
test4,10.0,4,8.279999999999998,8.279999999999998,9,19.73811277171373
test5,8.4,5,8.627583360951732,8.190000000000001,12,23.901363012970155
test6,9.0,1,8.279999999999998,8.279999999999998,9,19.73811277171373
test7,9.333333333333334,3,8.56,8.190000000000001,12,23.901363012970155
